id,firstname,lastname,email,email2,profession
100,Janey,Dawkins,Janey.Dawkins@yopmail.com,Janey.Dawkins@gmail.com,developer
101,Frances,Cloris,Frances.Cloris@yopmail.com,Frances.Cloris@gmail.com,developer
102,Lulita,Norvol,Lulita.Norvol@yopmail.com,Lulita.Norvol@gmail.com,worker
103,Selma,Manolo,Selma.Manolo@yopmail.com,Selma.Manolo@gmail.com,worker
104,Celestyna,Ailyn,Celestyna.Ailyn@yopmail.com,Celestyna.Ailyn@gmail.com,police officer
105,Winny,Celestine,Winny.Celestine@yopmail.com,Winny.Celestine@gmail.com,worker
106,Heddie,Gaynor,Heddie.Gaynor@yopmail.com,Heddie.Gaynor@gmail.com,developer
107,Jennica,Granoff,Jennica.Granoff@yopmail.com,Jennica.Granoff@gmail.com,police officer
108,Tierney,Izaak,Tierney.Izaak@yopmail.com,Tierney.Izaak@gmail.com,firefighter
109,Cam,Loeb,Cam.Loeb@yopmail.com,Cam.Loeb@gmail.com,doctor
110,Jsandye,Brotherson,Jsandye.Brotherson@yopmail.com,Jsandye.Brotherson@gmail.com,police officer
111,Alyssa,Mitzi,Alyssa.Mitzi@yopmail.com,Alyssa.Mitzi@gmail.com,firefighter
112,Belinda,Merat,Belinda.Merat@yopmail.com,Belinda.Merat@gmail.com,worker
113,Linet,Zitvaa,Linet.Zitvaa@yopmail.com,Linet.Zitvaa@gmail.com,doctor
114,Bee,Azeria,Bee.Azeria@yopmail.com,Bee.Azeria@gmail.com,doctor
115,Sue,Magnolia,Sue.Magnolia@yopmail.com,Sue.Magnolia@gmail.com,firefighter
116,Eadie,Alarise,Eadie.Alarise@yopmail.com,Eadie.Alarise@gmail.com,firefighter
117,Dagmar,Mauer,Dagmar.Mauer@yopmail.com,Dagmar.Mauer@gmail.com,doctor
118,Rivalee,Gerge,Rivalee.Gerge@yopmail.com,Rivalee.Gerge@gmail.com,worker
119,Vanessa,Oster,Vanessa.Oster@yopmail.com,Vanessa.Oster@gmail.com,worker
120,Dagmar,Jehu,Dagmar.Jehu@yopmail.com,Dagmar.Jehu@gmail.com,developer
121,Averyl,Etom,Averyl.Etom@yopmail.com,Averyl.Etom@gmail.com,firefighter
122,Renie,Reneta,Renie.Reneta@yopmail.com,Renie.Reneta@gmail.com,police officer
123,Gwenneth,Burkle,Gwenneth.Burkle@yopmail.com,Gwenneth.Burkle@gmail.com,worker
124,Chloris,Vivle,Chloris.Vivle@yopmail.com,Chloris.Vivle@gmail.com,developer
125,Averyl,Koehler,Averyl.Koehler@yopmail.com,Averyl.Koehler@gmail.com,firefighter
126,Kamilah,Goddard,Kamilah.Goddard@yopmail.com,Kamilah.Goddard@gmail.com,worker
127,Deirdre,Wilona,Deirdre.Wilona@yopmail.com,Deirdre.Wilona@gmail.com,worker
128,Lynde,Pelagias,Lynde.Pelagias@yopmail.com,Lynde.Pelagias@gmail.com,worker
129,Carol-Jean,Evvie,Carol-Jean.Evvie@yopmail.com,Carol-Jean.Evvie@gmail.com,firefighter